<?xml  version="1.0" encoding="UTF-8"?> 

<beans xmlns="http://www.springframework.org/schema/beans" 

    xmlns:xsi="http://www.w3.org/2001/XMLSchema-instance" 

    xmlns:aop="http://www.springframework.org/schema/aop" 

    xmlns:context="http://www.springframework.org/schema/context" 

    xmlns:jee="http://www.springframework.org/schema/jee" 

    xmlns:lang="http://www.springframework.org/schema/lang" 

    xmlns:p="http://www.springframework.org/schema/p" 

    xmlns:tx="http://www.springframework.org/schema/tx" 

    xmlns:util="http://www.springframework.org/schema/util" 

    xsi:schemaLocation="http://www.springframework.org/schema/beans 

http://www.springframework.org/schema/beans/spring-beans-2.5.xsd 

http://www.springframework.org/schema/aop 

http://www.springframework.org/schema/aop/spring-aop-2.5.xsd 

http://www.springframework.org/schema/context 

http://www.springframework.org/schema/context/spring-context-2.5.xsd 

http://www.springframework.org/schema/tx 

http://www.springframework.org/schema/tx/spring-tx-2.5.xsd"> 

    <context:annotation-config /> 

    <context:component-scan base-package="com.ecommerce.controller" /> 

    <bean id="jspViewResolver" 

        class="org.springframework.web.servlet.view.InternalResourceViewResolver"> 

        <property name="viewClass" 

            value="org.springframework.web.servlet.view.JstlView"></property> 

        <property name="prefix" value="/WEB-INF/view/"></property> 

        <property name="suffix" value=".jsp"></property> 

    </bean> 

    <bean id="messageSource" 

        class="org.springframework.context.support.ReloadableResourceBundleMessageSource"> 

        <property name="basename" value="classpath:messages"></property> 

        <property name="defaultEncoding" value="UTF-8"></property> 

    </bean> 

    <bean id = "startEventHandler" class = "com.ecommerce.beans.StartEventHandler"/> 
   <bean id = "stopEventHandler" class = "com.ecommerce.beans.StopEventHandler"/> 
   <bean id = "customEventListener" class = "com.ecommerce.beans.CustomEventListener"/> 
    <bean id = "customEventPublisher" class = "com.ecommerce.beans.CustomEventPublisher"/> 
    <tx:annotation-driven /> 

     

</beans> 